rms,Mean-RSSI,Sum of detected points,std dev right,std dev left,std dev front,reflector position
1.301662385156852,170.6881045751634,1.0,1.2803893685202992,1.631197638608904,0.6921297725743648,2.0797218031280105
